[{"urlPattern":"/pages/Common/**","permission":"PermitAll","roles":[],"httpMethod":null},{"urlPattern":"/pages/HeaderL/**","permission":"Authenticated","roles":[],"httpMethod":null},{"urlPattern":"/pages/HeaderM/**","permission":"Authenticated","roles":[],"httpMethod":null},{"urlPattern":"/pages/Main/**","permission":"Authenticated","roles":[],"httpMethod":null},{"urlPattern":"/pages/footer/**","permission":"Authenticated","roles":[],"httpMethod":null},{"urlPattern":"/pages/header/**","permission":"Authenticated","roles":[],"httpMethod":null},{"urlPattern":"/pages/leftnav/**","permission":"Authenticated","roles":[],"httpMethod":null},{"urlPattern":"/pages/rightnav/**","permission":"Authenticated","roles":[],"httpMethod":null},{"urlPattern":"/pages/topnav/**","permission":"Authenticated","roles":[],"httpMethod":null},{"urlPattern":"/app.variables.json","permission":"Authenticated","roles":[],"httpMethod":null}]