{
	"goToPage-Main": {
		"name": "goToPage-Main",
		"owner": "Page",
		"operation": "gotoPage",
		"pageName": "Main",
		"dataBinding": {},
		"category": "wm.NavigationVariable",
		"_id": "wm-wm.NavigationVariable1389180517517"
	},
	"supportedLocale": {
		"name": "supportedLocale",
		"type": "string",
		"isList": false,
		"owner": "App",
		"dataSet": {
			"en": "English"
		},
		"dataBinding": {
			"dataValue": ""
		},
		"saveInPhonegap": false,
		"category": "wm.Variable",
		"_id": "wm-wm.Variable1402640443182"
	},
	"goToPage-HeaderM": {
		"owner": "App",
		"operation": "gotoPage",
		"pageName": "HeaderM",
		"dataBinding": {},
		"category": "wm.NavigationVariable",
		"_id": "wm-wm.NavigationVariable1438506870706"
	},
	"goToPage-HeaderL": {
		"owner": "App",
		"operation": "gotoPage",
		"pageName": "HeaderL",
		"dataBinding": {},
		"category": "wm.NavigationVariable",
		"_id": "wm-wm.NavigationVariable1438508373890"
	},
	"loginVariable": {
		"type": "string",
		"owner": "App",
		"dataSet": {
			"username": "",
			"password": ""
		},
		"dataBinding": {
			"username": "bind:Widgets.usernametext.datavalue",
			"password": "bind:Widgets.passwordtext.datavalue"
		},
		"saveInPhonegap": false,
		"startUpdate": false,
		"autoUpdate": false,
		"inFlightBehavior": "executeLast",
		"transformationRequired": false,
		"onError": "Javascript",
		"useDefaultSuccessHandler": false,
		"category": "wm.LoginVariable",
		"_id": "wm-wm.LoginVariable1438508556316"
	},
	"logoutVariable": {
		"name": "logoutVariable",
		"type": "string",
		"owner": "App",
		"saveInPhonegap": false,
		"inFlightBehavior": "executeLast",
		"transformationRequired": false,
		"useDefaultSuccessHandler": true,
		"category": "wm.LogoutVariable",
		"_id": "wm-wm.LogoutVariable1438508556317"
	},
	"loggedInUser": {
		"name": "loggedInUser",
		"type": "string",
		"isList": false,
		"owner": "App",
		"dataSet": {
			"name": "",
			"id": "",
			"tenantId": "",
			"isAuthenticated": false,
			"isSecurityEnabled": true,
			"roles": []
		},
		"dataBinding": {
			"dataValue": ""
		},
		"saveInPhonegap": false,
		"category": "wm.Variable",
		"_id": "wm-wm.Variable1438508556318"
	}
}