<?xml version="1.0" encoding="UTF-8" standalone="no"?>
<beans xmlns="http://www.springframework.org/schema/beans"
       xmlns:xsi="http://www.w3.org/2001/XMLSchema-instance"
       xmlns:mvc="http://www.springframework.org/schema/mvc"
       xsi:schemaLocation="http://www.springframework.org/schema/beans http://www.springframework.org/schema/beans/spring-beans.xsd
			               http://www.springframework.org/schema/mvc http://www.springframework.org/schema/mvc/spring-mvc.xsd">

    <mvc:annotation-driven content-negotiation-manager="contentNegotiationManager" conversion-service="applicationConversionService">
        <mvc:message-converters>
            <bean class="org.springframework.http.converter.json.MappingJackson2HttpMessageConverter">
                <property name="objectMapper">
                    <bean class="com.wavemaker.runtime.WMObjectMapper"/>
                </property>
            </bean>
        </mvc:message-converters>
        <mvc:argument-resolvers>
            <bean class="org.springframework.data.web.PageableHandlerMethodArgumentResolver" >
                <property name="pageParameterName" value="page"/>
                <property name="sizeParameterName" value="size"/>
                <property name="oneIndexedParameters" value="true"/>
                <property name="maxPageSize" value="100"/>
                <property name="fallbackPageable">
                    <bean  class="org.springframework.data.domain.PageRequest">
                        <constructor-arg  value="0"/>
                        <constructor-arg  value="20"/>
                    </bean>
                 </property>

            </bean>
        </mvc:argument-resolvers>
    </mvc:annotation-driven>

    <mvc:interceptors>
        <bean id="annotationInterceptor" class="com.wavemaker.runtime.web.interceptor.WMAppRequestInterceptor" />
    </mvc:interceptors>

    <bean id="contentNegotiationManager"
          class="org.springframework.web.accept.ContentNegotiationManagerFactoryBean">
        <property name="favorPathExtension" value="false" />
    </bean>

    <bean class="com.wavemaker.runtime.spring.converters.ApplicationConversionServiceFactoryBean" id="applicationConversionService"/>

    <import resource="classpath:springapp.xml"/>
    <import resource="project-prefabs.xml"/>
    <import resource="project-services.xml"/>
    <import resource="project-managers.xml"/>
    <import resource="project-security.xml"/>
    <import resource="project-user-spring.xml"/>
    <import resource="project-file-service.xml"/>
    <import resource="project-rest-service.xml"/>

    <!-- Set user.languague to english as Javascript ONLY handles US number formatting -->
    <bean id="systemPropertyInitializer" class="com.wavemaker.runtime.SystemPropertyInitiliazingBean">
        <property name="systemProperties">
            <map>
                <entry key="user.language" value="en"/>
                <entry key="com.mchange.v2.c3p0.management.ManagementCoordinator" value="com.mchange.v2.c3p0.management.NullManagementCoordinator"/>
            </map>
        </property>
    </bean>

    <bean id="wmRequestCleanupFilter" class="com.wavemaker.runtime.web.filter.WMRequestCleanupFilter"/>

    <bean id="cacheControlFilter" class="com.wavemaker.runtime.web.filter.CacheControlFilter"/>

    <bean id="handlerExceptionResolver" class="com.wavemaker.runtime.exception.resolver.ApplicationRestServiceExceptionResolver"/>

</beans>
